CUSTOMER_ID,LAST_NAME,FIRST_NAME,CONTACT_PH_NUM,CONTACT_EMAIL,FlightNumber,Seat,InventoryId,Dep_Key,AircraftType,DepartureDateTime,ArrivalDateTime,DepartureAirport,ArrivalAirport,Passenger_Rating,Flight_Rating
HNX9437,Vargas,Tamara,(418) 570-2054,tamaravargas1@example.com,2223.0,D42,INV-ZZ-4268320,ZZ20240515AMDHYD2223.0,Boeing 777,2024-05-15 10:52:00,2024-05-15 19:30:00,AMD,HYD,4600,250
ABA8820,Strickland,Karen,(533) 283-2515,karenstrickland1@example.com,2223.0,A26,INV-ZZ-4268320,ZZ20240515AMDHYD2223.0,Boeing 777,2024-05-15 10:52:00,2024-05-15 19:30:00,AMD,HYD,4600,250
UNL1112,Foley,Brandon,(786) 884-1000,brandonfoley1@example.com,2223.0,C6,INV-ZZ-4268320,ZZ20240515AMDHYD2223.0,Boeing 777,2024-05-15 10:52:00,2024-05-15 19:30:00,AMD,HYD,4100,250
DAC9048,Buch,Sumer,(564) 195-7525,sumerbuch6@example.com,2223.0,D57,INV-ZZ-4457881,ZZ20240514AMDHYD2223.0,Boeing 777,2024-05-14 10:52:00,2024-05-14 19:30:00,AMD,HYD,3100,250
CRP1360,Hicks,Christopher,(578) 886-1822,christopherhicks2@example.com,2223.0,A23,INV-ZZ-4457881,ZZ20240514AMDHYD2223.0,Boeing 777,2024-05-14 10:52:00,2024-05-14 19:30:00,AMD,HYD,2800,250
GNB4853,Lee,Matthew,(779) 586-8264,matthewlee1@example.com,2223.0,D54,INV-ZZ-4268320,ZZ20240515AMDHYD2223.0,Boeing 777,2024-05-15 10:52:00,2024-05-15 19:30:00,AMD,HYD,4800,250
YZX1228,Sullivan,Diane,(129) 503-3182,dianesullivan6@example.com,2223.0,D47,INV-ZZ-4268320,ZZ20240515AMDHYD2223.0,Boeing 777,2024-05-15 10:52:00,2024-05-15 19:30:00,AMD,HYD,4700,250
ONG4418,Rege,Renee,(634) 744-8697,reneerege3@example.com,2223.0,D48,INV-ZZ-4457881,ZZ20240514AMDHYD2223.0,Boeing 777,2024-05-14 10:52:00,2024-05-14 19:30:00,AMD,HYD,2900,250
ODK7964,Alexander,Gregory,(290) 992-7726,gregoryalexander5@example.com,2223.0,D35,INV-ZZ-4457881,ZZ20240514AMDHYD2223.0,Boeing 777,2024-05-14 10:52:00,2024-05-14 19:30:00,AMD,HYD,2700,250
OYO7972,Sutton,Peter,(502) 484-1342,petersutton4@example.com,2223.0,A26,INV-ZZ-4457881,ZZ20240514AMDHYD2223.0,Boeing 777,2024-05-14 10:52:00,2024-05-14 19:30:00,AMD,HYD,2800,250
OXP9151,Dugal,Ayesha,(294) 780-3324,ayeshadugal2@example.com,2223.0,D22,INV-ZZ-4268320,ZZ20240515AMDHYD2223.0,Boeing 777,2024-05-15 10:52:00,2024-05-15 19:30:00,AMD,HYD,4400,250
ZMB9553,Romero,Susan,(520) 558-9283,susanromero1@example.com,2223.0,C11,INV-ZZ-4268320,ZZ20240515AMDHYD2223.0,Boeing 777,2024-05-15 10:52:00,2024-05-15 19:30:00,AMD,HYD,4400,250
YZG7105,Sandhu,Zoya,(489) 750-7742,zoyasandhu6@example.com,2223.0,D35,INV-ZZ-4268320,ZZ20240515AMDHYD2223.0,Boeing 777,2024-05-15 10:52:00,2024-05-15 19:30:00,AMD,HYD,4600,250
LBH8598,Mcintosh,Brenda,(949) 974-7947,brendamcintosh2@example.com,2223.0,C12,INV-ZZ-4268320,ZZ20240515AMDHYD2223.0,Boeing 777,2024-05-15 10:52:00,2024-05-15 19:30:00,AMD,HYD,4400,250
PUY7766,Rodriguez,Carrie,(655) 383-3154,carrierodriguez8@example.com,2223.0,D43,INV-ZZ-4268320,ZZ20240515AMDHYD2223.0,Boeing 777,2024-05-15 10:52:00,2024-05-15 19:30:00,AMD,HYD,4600,250
OFW1963,Hall,James,(706) 907-7098,jameshall3@example.com,2223.0,D28,INV-ZZ-4457881,ZZ20240514AMDHYD2223.0,Boeing 777,2024-05-14 10:52:00,2024-05-14 19:30:00,AMD,HYD,2400,250
PPC0528,Chawla,Vaibhav,(535) 836-9372,vaibhavchawla2@example.com,2223.0,A13,INV-ZZ-4268320,ZZ20240515AMDHYD2223.0,Boeing 777,2024-05-15 10:52:00,2024-05-15 19:30:00,AMD,HYD,4200,250
HGT6065,Simpson,Jason,(241) 432-2564,jasonsimpson2@example.com,2223.0,D24,INV-ZZ-4268320,ZZ20240515AMDHYD2223.0,Boeing 777,2024-05-15 10:52:00,2024-05-15 19:30:00,AMD,HYD,4500,250
OUE7451,Sabharwal,Khushi,(512) 488-8735,khushisabharwal4@example.com,2223.0,C37,INV-ZZ-4268320,ZZ20240515AMDHYD2223.0,Boeing 777,2024-05-15 10:52:00,2024-05-15 19:30:00,AMD,HYD,4800,250
DGO4123,Hess,Jennifer,(369) 306-6031,jenniferhess1@example.com,2223.0,A29,INV-ZZ-4268320,ZZ20240515AMDHYD2223.0,Boeing 777,2024-05-15 10:52:00,2024-05-15 19:30:00,AMD,HYD,4600,250
LIK1184,Williamson,Anthony,(972) 743-8414,anthonywilliamson1@example.com,2223.0,C33,INV-ZZ-4268320,ZZ20240515AMDHYD2223.0,Boeing 777,2024-05-15 10:52:00,2024-05-15 19:30:00,AMD,HYD,5000,250
JCI3971,Wilson,Hannah,(423) 680-3877,hannahwilson4@example.com,2223.0,A19,INV-ZZ-4457881,ZZ20240514AMDHYD2223.0,Boeing 777,2024-05-14 10:52:00,2024-05-14 19:30:00,AMD,HYD,2600,250
GSJ1595,Sastry,Sahil,(580) 154-3284,sahilsastry2@example.com,2223.0,D51,INV-ZZ-4457881,ZZ20240514AMDHYD2223.0,Boeing 777,2024-05-14 10:52:00,2024-05-14 19:30:00,AMD,HYD,2900,250
SWO6503,Yadav,Indranil,(205) 513-9197,indranilyadav1@example.com,2223.0,B10,INV-ZZ-4457881,ZZ20240514AMDHYD2223.0,Boeing 777,2024-05-14 10:52:00,2024-05-14 19:30:00,AMD,HYD,3100,250
WPH4609,Dhar,Lakshay,(916) 570-5986,lakshaydhar2@example.com,2223.0,B4,INV-ZZ-4268320,ZZ20240515AMDHYD2223.0,Boeing 777,2024-05-15 10:52:00,2024-05-15 19:30:00,AMD,HYD,4400,250
GKJ8091,Castro,Robert,(598) 405-9544,robertcastro1@example.com,2223.0,A4,INV-ZZ-4268320,ZZ20240515AMDHYD2223.0,Boeing 777,2024-05-15 10:52:00,2024-05-15 19:30:00,AMD,HYD,3100,250
QFF7534,Garcia,Alexandra,(744) 839-5788,alexandragarcia5@example.com,2223.0,D49,INV-ZZ-4268320,ZZ20240515AMDHYD2223.0,Boeing 777,2024-05-15 10:52:00,2024-05-15 19:30:00,AMD,HYD,4700,250
WRC3967,Turner,Stephanie,(400) 954-8382,stephanieturner2@example.com,2223.0,B6,INV-ZZ-4268320,ZZ20240515AMDHYD2223.0,Boeing 777,2024-05-15 10:52:00,2024-05-15 19:30:00,AMD,HYD,4400,250
KGO8578,Mallick,Divit,(894) 967-8087,divitmallick3@example.com,2223.0,B5,INV-ZZ-4268320,ZZ20240515AMDHYD2223.0,Boeing 777,2024-05-15 10:52:00,2024-05-15 19:30:00,AMD,HYD,4400,250
DGE3826,Chaudhary,Himmat,(566) 459-9778,himmatchaudhary6@example.com,2223.0,C20,INV-ZZ-4268320,ZZ20240515AMDHYD2223.0,Boeing 777,2024-05-15 10:52:00,2024-05-15 19:30:00,AMD,HYD,4500,250
COL7935,King,Alan,(119) 865-1287,alanking3@example.com,2223.0,D55,INV-ZZ-4457881,ZZ20240514AMDHYD2223.0,Boeing 777,2024-05-14 10:52:00,2024-05-14 19:30:00,AMD,HYD,3000,250
CWK9565,Blair,Nicholas,(527) 703-4781,nicholasblair5@example.com,2223.0,C30,INV-ZZ-4457881,ZZ20240514AMDHYD2223.0,Boeing 777,2024-05-14 10:52:00,2024-05-14 19:30:00,AMD,HYD,3000,250
RGN9143,Sanford,Anthony,(943) 491-4586,anthonysanford7@example.com,2223.0,D61,INV-ZZ-4457881,ZZ20240514AMDHYD2223.0,Boeing 777,2024-05-14 10:52:00,2024-05-14 19:30:00,AMD,HYD,3200,250
LAT7998,Harrington,Zachary,(247) 228-2729,zacharyharrington1@example.com,2223.0,B2,INV-ZZ-4268320,ZZ20240515AMDHYD2223.0,Boeing 777,2024-05-15 10:52:00,2024-05-15 19:30:00,AMD,HYD,4100,250
ZHC4585,Guzman,Paul,(759) 463-4287,paulguzman1@example.com,2223.0,D52,INV-ZZ-4457881,ZZ20240514AMDHYD2223.0,Boeing 777,2024-05-14 10:52:00,2024-05-14 19:30:00,AMD,HYD,2900,250
GWP4929,Hayer,Yasmin,(356) 530-7944,yasminhayer6@example.com,2223.0,D46,INV-ZZ-4457881,ZZ20240514AMDHYD2223.0,Boeing 777,2024-05-14 10:52:00,2024-05-14 19:30:00,AMD,HYD,2800,250
NJO5727,Kidd,James,(216) 820-6210,jameskidd3@example.com,2223.0,D41,INV-ZZ-4268320,ZZ20240515AMDHYD2223.0,Boeing 777,2024-05-15 10:52:00,2024-05-15 19:30:00,AMD,HYD,4600,250
ZDT0298,Lowery,Holly,(956) 371-3551,hollylowery7@example.com,2223.0,D52,INV-ZZ-4268320,ZZ20240515AMDHYD2223.0,Boeing 777,2024-05-15 10:52:00,2024-05-15 19:30:00,AMD,HYD,4800,250
AEY9203,Snyder,Mark,(937) 937-9938,marksnyder2@example.com,2223.0,C3,INV-ZZ-4268320,ZZ20240515AMDHYD2223.0,Boeing 777,2024-05-15 10:52:00,2024-05-15 19:30:00,AMD,HYD,4400,250
NEK3266,Holland,Jeffrey,(155) 613-6434,jeffreyholland2@example.com,2223.0,A33,INV-ZZ-4268320,ZZ20240515AMDHYD2223.0,Boeing 777,2024-05-15 10:52:00,2024-05-15 19:30:00,AMD,HYD,4700,250
ETQ1844,Dewan,Farhan,(810) 990-4728,farhandewan1@example.com,2223.0,D19,INV-ZZ-4268320,ZZ20240515AMDHYD2223.0,Boeing 777,2024-05-15 10:52:00,2024-05-15 19:30:00,AMD,HYD,4400,250
OAD6606,Webster,Jennifer,(465) 616-5296,jenniferwebster4@example.com,2223.0,A30,INV-ZZ-4268320,ZZ20240515AMDHYD2223.0,Boeing 777,2024-05-15 10:52:00,2024-05-15 19:30:00,AMD,HYD,4700,250
YJW4679,Schaefer,William,(772) 772-9294,williamschaefer2@example.com,2223.0,A25,INV-ZZ-4268320,ZZ20240515AMDHYD2223.0,Boeing 777,2024-05-15 10:52:00,2024-05-15 19:30:00,AMD,HYD,4500,250
UFM3491,Green,Briana,(316) 962-7327,brianagreen1@example.com,2223.0,A12,INV-ZZ-4457881,ZZ20240514AMDHYD2223.0,Boeing 777,2024-05-14 10:52:00,2024-05-14 19:30:00,AMD,HYD,1900,250
PEA5364,Blevins,Isaac,(615) 136-7322,isaacblevins5@example.com,2223.0,C27,INV-ZZ-4268320,ZZ20240515AMDHYD2223.0,Boeing 777,2024-05-15 10:52:00,2024-05-15 19:30:00,AMD,HYD,4700,250
QJA8730,Price,Aaron,(479) 225-3483,aaronprice2@example.com,2223.0,C39,INV-ZZ-4457881,ZZ20240514AMDHYD2223.0,Boeing 777,2024-05-14 10:52:00,2024-05-14 19:30:00,AMD,HYD,3200,250
VVB1880,Richardson,Jerry,(523) 895-4515,jerryrichardson4@example.com,2223.0,D29,INV-ZZ-4268320,ZZ20240515AMDHYD2223.0,Boeing 777,2024-05-15 10:52:00,2024-05-15 19:30:00,AMD,HYD,4500,250
OKK2873,Owens,Julia,(525) 494-6153,juliaowens1@example.com,2223.0,A3,INV-ZZ-4268320,ZZ20240515AMDHYD2223.0,Boeing 777,2024-05-15 10:52:00,2024-05-15 19:30:00,AMD,HYD,3600,250
KRJ2949,Hari,Stuvan,(674) 929-4333,stuvanhari2@example.com,2223.0,D2,INV-ZZ-4268320,ZZ20240515AMDHYD2223.0,Boeing 777,2024-05-15 10:52:00,2024-05-15 19:30:00,AMD,HYD,3300,250
OCH7762,Solanki,Pihu,(189) 294-3265,pihusolanki5@example.com,2223.0,C45,INV-ZZ-4268320,ZZ20240515AMDHYD2223.0,Boeing 777,2024-05-15 10:52:00,2024-05-15 19:30:00,AMD,HYD,5000,250
RMR9846,Chawla,Hansh,(882) 225-5532,hanshchawla2@example.com,2223.0,A6,INV-ZZ-4268320,ZZ20240515AMDHYD2223.0,Boeing 777,2024-05-15 10:52:00,2024-05-15 19:30:00,AMD,HYD,3300,250
LRQ7595,Deo,Nehmat,(675) 544-9303,nehmatdeo1@example.com,2223.0,C44,INV-ZZ-4268320,ZZ20240515AMDHYD2223.0,Boeing 777,2024-05-15 10:52:00,2024-05-15 19:30:00,AMD,HYD,4900,250
EKW3843,Rajan,Kabir,(858) 319-6180,kabirrajan3@example.com,2223.0,A17,INV-ZZ-4268320,ZZ20240515AMDHYD2223.0,Boeing 777,2024-05-15 10:52:00,2024-05-15 19:30:00,AMD,HYD,4300,250
SUH0920,Reed,Alison,(432) 321-1614,alisonreed1@example.com,2223.0,A14,INV-ZZ-4457881,ZZ20240514AMDHYD2223.0,Boeing 777,2024-05-14 10:52:00,2024-05-14 19:30:00,AMD,HYD,2000,250
VBR8006,Johnson,Jacob,(883) 669-9258,jacobjohnson3@example.com,2223.0,D46,INV-ZZ-4268320,ZZ20240515AMDHYD2223.0,Boeing 777,2024-05-15 10:52:00,2024-05-15 19:30:00,AMD,HYD,4700,250
RQC3060,Comar,Mishti,(830) 128-4687,mishticomar1@example.com,2223.0,A27,INV-ZZ-4457881,ZZ20240514AMDHYD2223.0,Boeing 777,2024-05-14 10:52:00,2024-05-14 19:30:00,AMD,HYD,3000,250
YDU8921,Owen,Robert,(285) 996-3699,robertowen1@example.com,2223.0,C5,INV-ZZ-4268320,ZZ20240515AMDHYD2223.0,Boeing 777,2024-05-15 10:52:00,2024-05-15 19:30:00,AMD,HYD,3700,250
PNV3676,Bains,Piya,(534) 501-1326,piyabains1@example.com,2223.0,C43,INV-ZZ-4268320,ZZ20240515AMDHYD2223.0,Boeing 777,2024-05-15 10:52:00,2024-05-15 19:30:00,AMD,HYD,4900,250
WQJ4153,Cisneros,Julie,(715) 287-6157,juliecisneros1@example.com,2223.0,D12,INV-ZZ-4268320,ZZ20240515AMDHYD2223.0,Boeing 777,2024-05-15 10:52:00,2024-05-15 19:30:00,AMD,HYD,4200,250
ZIM3075,Richardson,Roy,(432) 524-7580,royrichardson3@example.com,2223.0,D4,INV-ZZ-4268320,ZZ20240515AMDHYD2223.0,Boeing 777,2024-05-15 10:52:00,2024-05-15 19:30:00,AMD,HYD,3800,250
KQD1435,Sur,Urvi,(388) 814-8211,urvisur1@example.com,2223.0,D17,INV-ZZ-4268320,ZZ20240515AMDHYD2223.0,Boeing 777,2024-05-15 10:52:00,2024-05-15 19:30:00,AMD,HYD,4300,250
VIG8837,Macdonald,Michael,(802) 155-1594,michaelmacdonald1@example.com,2223.0,C23,INV-ZZ-4268320,ZZ20240515AMDHYD2223.0,Boeing 777,2024-05-15 10:52:00,2024-05-15 19:30:00,AMD,HYD,4600,250
QDL8356,Barad,Samaira,(937) 152-9905,samairabarad1@example.com,2223.0,D7,INV-ZZ-4268320,ZZ20240515AMDHYD2223.0,Boeing 777,2024-05-15 10:52:00,2024-05-15 19:30:00,AMD,HYD,4100,250
AHC7182,Greene,Jonathan,(998) 937-2155,jonathangreene1@example.com,2223.0,C10,INV-ZZ-4268320,ZZ20240515AMDHYD2223.0,Boeing 777,2024-05-15 10:52:00,2024-05-15 19:30:00,AMD,HYD,4300,250
EBS7471,Knight,Melissa,(285) 294-9301,melissaknight5@example.com,2223.0,D58,INV-ZZ-4457881,ZZ20240514AMDHYD2223.0,Boeing 777,2024-05-14 10:52:00,2024-05-14 19:30:00,AMD,HYD,3100,250
AJA7615,Rogers,Stacy,(295) 558-1087,stacyrogers6@example.com,2223.0,C32,INV-ZZ-4457881,ZZ20240514AMDHYD2223.0,Boeing 777,2024-05-14 10:52:00,2024-05-14 19:30:00,AMD,HYD,3100,250
CSD7677,Rastogi,Madhup,(542) 115-1567,madhuprastogi2@example.com,2223.0,A19,INV-ZZ-4268320,ZZ20240515AMDHYD2223.0,Boeing 777,2024-05-15 10:52:00,2024-05-15 19:30:00,AMD,HYD,4600,250
MBH9315,Korpal,Darshit,(368) 666-4027,darshitkorpal8@example.com,2223.0,C19,INV-ZZ-4268320,ZZ20240515AMDHYD2223.0,Boeing 777,2024-05-15 10:52:00,2024-05-15 19:30:00,AMD,HYD,4500,250
OHB7037,Nichols,Robert,(554) 305-8151,robertnichols2@example.com,2223.0,C8,INV-ZZ-4268320,ZZ20240515AMDHYD2223.0,Boeing 777,2024-05-15 10:52:00,2024-05-15 19:30:00,AMD,HYD,4300,250
PSW7891,Sani,Anika,(523) 165-2416,anikasani1@example.com,2223.0,D32,INV-ZZ-4268320,ZZ20240515AMDHYD2223.0,Boeing 777,2024-05-15 10:52:00,2024-05-15 19:30:00,AMD,HYD,4500,250
GYQ5822,Mosley,Amber,(196) 359-6184,ambermosley3@example.com,2223.0,C49,INV-ZZ-4268320,ZZ20240515AMDHYD2223.0,Boeing 777,2024-05-15 10:52:00,2024-05-15 19:30:00,AMD,HYD,5100,250
MGG1782,Zamora,Beverly,(657) 265-9816,beverlyzamora7@example.com,2223.0,D56,INV-ZZ-4268320,ZZ20240515AMDHYD2223.0,Boeing 777,2024-05-15 10:52:00,2024-05-15 19:30:00,AMD,HYD,4800,250
ZAS5722,Rau,Priyansh,(371) 936-3073,priyanshrau1@example.com,2223.0,D1,INV-ZZ-2774494,ZZ20240505AMDHYD2223.0,Boeing 777,2024-05-05 10:52:00,2024-05-05 19:30:00,AMD,HYD,1500,250
ISK8782,French,Megan,(791) 487-6653,meganfrench2@example.com,2223.0,D13,INV-ZZ-4268320,ZZ20240515AMDHYD2223.0,Boeing 777,2024-05-15 10:52:00,2024-05-15 19:30:00,AMD,HYD,4200,250
YIS0276,Smith,James,(441) 814-2482,jamessmith4@example.com,2223.0,C29,INV-ZZ-4457881,ZZ20240514AMDHYD2223.0,Boeing 777,2024-05-14 10:52:00,2024-05-14 19:30:00,AMD,HYD,3000,250
YZJ7395,Ganguly,Lagan,(806) 374-1332,laganganguly7@example.com,2223.0,C53,INV-ZZ-4268320,ZZ20240515AMDHYD2223.0,Boeing 777,2024-05-15 10:52:00,2024-05-15 19:30:00,AMD,HYD,5300,250
BPD0164,Bose,Hiran,(323) 390-9132,hiranbose3@example.com,2223.0,D55,INV-ZZ-4268320,ZZ20240515AMDHYD2223.0,Boeing 777,2024-05-15 10:52:00,2024-05-15 19:30:00,AMD,HYD,4800,250
CNV3067,Wilson,Teresa,(317) 545-2058,teresawilson5@example.com,2223.0,C28,INV-ZZ-4457881,ZZ20240514AMDHYD2223.0,Boeing 777,2024-05-14 10:52:00,2024-05-14 19:30:00,AMD,HYD,3000,250
RVL5316,Srivastava,Prerak,(274) 241-3286,preraksrivastava2@example.com,2223.0,C1,INV-ZZ-2774494,ZZ20240505AMDHYD2223.0,Boeing 777,2024-05-05 10:52:00,2024-05-05 19:30:00,AMD,HYD,2500,250
NFM0236,Jones,Frank,(601) 963-8684,frankjones1@example.com,2223.0,D41,INV-ZZ-4457881,ZZ20240514AMDHYD2223.0,Boeing 777,2024-05-14 10:52:00,2024-05-14 19:30:00,AMD,HYD,2800,250
HRK5602,Lee,Vincent,(541) 220-2552,vincentlee5@example.com,2223.0,C36,INV-ZZ-4268320,ZZ20240515AMDHYD2223.0,Boeing 777,2024-05-15 10:52:00,2024-05-15 19:30:00,AMD,HYD,4800,250
GAQ6630,Kuruvilla,Hazel,(598) 375-4515,hazelkuruvilla7@example.com,2223.0,C30,INV-ZZ-4268320,ZZ20240515AMDHYD2223.0,Boeing 777,2024-05-15 10:52:00,2024-05-15 19:30:00,AMD,HYD,4700,250
AMM2826,Randall,Mark,(419) 215-6916,markrandall1@example.com,2223.0,A13,INV-ZZ-4457881,ZZ20240514AMDHYD2223.0,Boeing 777,2024-05-14 10:52:00,2024-05-14 19:30:00,AMD,HYD,2000,250
YKI4392,Sinha,Hrishita,(721) 662-2513,hrishitasinha2@example.com,2223.0,D48,INV-ZZ-4268320,ZZ20240515AMDHYD2223.0,Boeing 777,2024-05-15 10:52:00,2024-05-15 19:30:00,AMD,HYD,4700,250
BFV9125,White,Madison,(962) 212-1368,madisonwhite8@example.com,2223.0,C2,INV-ZZ-4268320,ZZ20240515AMDHYD2223.0,Boeing 777,2024-05-15 10:52:00,2024-05-15 19:30:00,AMD,HYD,3400,250
SSP5858,Tara,Dhanuk,(545) 580-3932,dhanuktara1@example.com,2223.0,C50,INV-ZZ-4268320,ZZ20240515AMDHYD2223.0,Boeing 777,2024-05-15 10:52:00,2024-05-15 19:30:00,AMD,HYD,5100,250
DHN8411,Gulati,Shlok,(585) 398-4900,shlokgulati1@example.com,2223.0,D57,INV-ZZ-4268320,ZZ20240515AMDHYD2223.0,Boeing 777,2024-05-15 10:52:00,2024-05-15 19:30:00,AMD,HYD,4800,250
IRO3749,Garcia,William,(109) 954-9935,williamgarcia1@example.com,2223.0,B9,INV-ZZ-4268320,ZZ20240515AMDHYD2223.0,Boeing 777,2024-05-15 10:52:00,2024-05-15 19:30:00,AMD,HYD,4800,250
MSU6210,Zuniga,Jesse,(987) 467-2624,jessezuniga4@example.com,2223.0,C27,INV-ZZ-4457881,ZZ20240514AMDHYD2223.0,Boeing 777,2024-05-14 10:52:00,2024-05-14 19:30:00,AMD,HYD,3100,250
IQE0134,Raju,Mehul,(637) 566-1062,mehulraju1@example.com,2223.0,A20,INV-ZZ-4457881,ZZ20240514AMDHYD2223.0,Boeing 777,2024-05-14 10:52:00,2024-05-14 19:30:00,AMD,HYD,2700,250
MOX0194,Divan,Mamooty,(876) 988-5099,mamootydivan2@example.com,2223.0,D29,INV-ZZ-4457881,ZZ20240514AMDHYD2223.0,Boeing 777,2024-05-14 10:52:00,2024-05-14 19:30:00,AMD,HYD,2500,250
DOO4677,Sims,Alicia,(805) 579-6808,aliciasims6@example.com,2223.0,C52,INV-ZZ-4268320,ZZ20240515AMDHYD2223.0,Boeing 777,2024-05-15 10:52:00,2024-05-15 19:30:00,AMD,HYD,5200,250
GCN4106,Tanner,Lindsey,(432) 163-5631,lindseytanner8@example.com,2223.0,C31,INV-ZZ-4268320,ZZ20240515AMDHYD2223.0,Boeing 777,2024-05-15 10:52:00,2024-05-15 19:30:00,AMD,HYD,4700,250
TBG4346,Mahal,Hrishita,(644) 970-9185,hrishitamahal2@example.com,2223.0,C13,INV-ZZ-4268320,ZZ20240515AMDHYD2223.0,Boeing 777,2024-05-15 10:52:00,2024-05-15 19:30:00,AMD,HYD,4400,250
NER3460,Washington,Ashley,(270) 329-5610,ashleywashington4@example.com,2223.0,D37,INV-ZZ-4268320,ZZ20240515AMDHYD2223.0,Boeing 777,2024-05-15 10:52:00,2024-05-15 19:30:00,AMD,HYD,4600,250
BIC6184,Alexander,Diana,(533) 259-4629,dianaalexander1@example.com,2223.0,A8,INV-ZZ-4268320,ZZ20240515AMDHYD2223.0,Boeing 777,2024-05-15 10:52:00,2024-05-15 19:30:00,AMD,HYD,3800,250
DRD3155,Poole,Eric,(238) 322-3692,ericpoole2@example.com,2223.0,C25,INV-ZZ-4457881,ZZ20240514AMDHYD2223.0,Boeing 777,2024-05-14 10:52:00,2024-05-14 19:30:00,AMD,HYD,2800,250
IER5424,Boyd,Christopher,(675) 714-6636,christopherboyd3@example.com,2223.0,B8,INV-ZZ-4268320,ZZ20240515AMDHYD2223.0,Boeing 777,2024-05-15 10:52:00,2024-05-15 19:30:00,AMD,HYD,4500,250
QZB5053,Andrews,Michael,(673) 167-8518,michaelandrews1@example.com,2223.0,D64,INV-ZZ-4268320,ZZ20240515AMDHYD2223.0,Boeing 777,2024-05-15 10:52:00,2024-05-15 19:30:00,AMD,HYD,5000,250
UIW6890,Rodgers,Ethan,(947) 954-7950,ethanrodgers3@example.com,2223.0,D43,INV-ZZ-4457881,ZZ20240514AMDHYD2223.0,Boeing 777,2024-05-14 10:52:00,2024-05-14 19:30:00,AMD,HYD,2800,250
TNE3193,Hernandez,Michael,(359) 992-2667,michaelhernandez3@example.com,2223.0,A9,INV-ZZ-4268320,ZZ20240515AMDHYD2223.0,Boeing 777,2024-05-15 10:52:00,2024-05-15 19:30:00,AMD,HYD,4100,250
ULD5620,Deshpande,Advik,(413) 301-7385,advikdeshpande1@example.com,2223.0,A1,INV-ZZ-2774494,ZZ20240505AMDHYD2223.0,Boeing 777,2024-05-05 10:52:00,2024-05-05 19:30:00,AMD,HYD,1700,250
TMT2099,Richards,Manuel,(967) 962-4299,manuelrichards9@example.com,2223.0,C37,INV-ZZ-4457881,ZZ20240514AMDHYD2223.0,Boeing 777,2024-05-14 10:52:00,2024-05-14 19:30:00,AMD,HYD,3200,250
QEY5980,Haley,Tonya,(867) 742-4576,tonyahaley7@example.com,2223.0,C32,INV-ZZ-4268320,ZZ20240515AMDHYD2223.0,Boeing 777,2024-05-15 10:52:00,2024-05-15 19:30:00,AMD,HYD,4700,250
QTB3511,Majumdar,Ojas,(884) 695-4032,ojasmajumdar7@example.com,2223.0,D14,INV-ZZ-4268320,ZZ20240515AMDHYD2223.0,Boeing 777,2024-05-15 10:52:00,2024-05-15 19:30:00,AMD,HYD,4300,250
CPO9795,Jackson,Clarence,(362) 757-9202,clarencejackson1@example.com,2223.0,D9,INV-ZZ-4268320,ZZ20240515AMDHYD2223.0,Boeing 777,2024-05-15 10:52:00,2024-05-15 19:30:00,AMD,HYD,4100,250
ZGQ2129,Wadhwa,Piya,(213) 501-2267,piyawadhwa3@example.com,2223.0,D44,INV-ZZ-4457881,ZZ20240514AMDHYD2223.0,Boeing 777,2024-05-14 10:52:00,2024-05-14 19:30:00,AMD,HYD,2800,250
FVU8674,Jenkins,Anthony,(880) 414-3600,anthonyjenkins3@example.com,2223.0,D31,INV-ZZ-4457881,ZZ20240514AMDHYD2223.0,Boeing 777,2024-05-14 10:52:00,2024-05-14 19:30:00,AMD,HYD,2500,250
TTT6913,Meyer,Sharon,(390) 855-8591,sharonmeyer3@example.com,2223.0,A28,INV-ZZ-4457881,ZZ20240514AMDHYD2223.0,Boeing 777,2024-05-14 10:52:00,2024-05-14 19:30:00,AMD,HYD,2900,250
KIX6381,Lawson,Peter,(238) 338-9104,peterlawson8@example.com,2223.0,D28,INV-ZZ-4268320,ZZ20240515AMDHYD2223.0,Boeing 777,2024-05-15 10:52:00,2024-05-15 19:30:00,AMD,HYD,4500,250
AJB6107,Moore,Jason,(356) 622-6585,jasonmoore4@example.com,2223.0,D53,INV-ZZ-4268320,ZZ20240515AMDHYD2223.0,Boeing 777,2024-05-15 10:52:00,2024-05-15 19:30:00,AMD,HYD,4800,250
LJL3543,Zacharia,Shamik,(827) 849-9480,shamikzacharia9@example.com,2223.0,C1,INV-ZZ-4268320,ZZ20240515AMDHYD2223.0,Boeing 777,2024-05-15 10:52:00,2024-05-15 19:30:00,AMD,HYD,3400,250
TTV8781,Anderson,Timothy,(935) 789-9443,timothyanderson1@example.com,2223.0,A24,INV-ZZ-4457881,ZZ20240514AMDHYD2223.0,Boeing 777,2024-05-14 10:52:00,2024-05-14 19:30:00,AMD,HYD,2800,250
DDB3378,Edwin,Lavanya,(574) 915-6063,lavanyaedwin3@example.com,2223.0,C24,INV-ZZ-4457881,ZZ20240514AMDHYD2223.0,Boeing 777,2024-05-14 10:52:00,2024-05-14 19:30:00,AMD,HYD,2700,250
TWF6876,Walla,Shlok,(599) 445-9019,shlokwalla1@example.com,2223.0,D36,INV-ZZ-4268320,ZZ20240515AMDHYD2223.0,Boeing 777,2024-05-15 10:52:00,2024-05-15 19:30:00,AMD,HYD,4600,250
HXD4652,Wilson,Susan,(413) 259-6090,susanwilson2@example.com,2223.0,B6,INV-ZZ-4457881,ZZ20240514AMDHYD2223.0,Boeing 777,2024-05-14 10:52:00,2024-05-14 19:30:00,AMD,HYD,3200,250
LNF8521,Luthra,Veer,(966) 457-8446,veerluthra6@example.com,2223.0,C26,INV-ZZ-4457881,ZZ20240514AMDHYD2223.0,Boeing 777,2024-05-14 10:52:00,2024-05-14 19:30:00,AMD,HYD,2900,250
LDB7231,Ray,Anya,(400) 381-2386,anyaray3@example.com,2223.0,A20,INV-ZZ-4268320,ZZ20240515AMDHYD2223.0,Boeing 777,2024-05-15 10:52:00,2024-05-15 19:30:00,AMD,HYD,4400,250
MWZ8969,Holloway,Miguel,(496) 477-3595,miguelholloway2@example.com,2223.0,D26,INV-ZZ-4268320,ZZ20240515AMDHYD2223.0,Boeing 777,2024-05-15 10:52:00,2024-05-15 19:30:00,AMD,HYD,4500,250
PBJ8015,Thompson,Matthew,(703) 954-6685,matthewthompson2@example.com,2223.0,A15,INV-ZZ-4457881,ZZ20240514AMDHYD2223.0,Boeing 777,2024-05-14 10:52:00,2024-05-14 19:30:00,AMD,HYD,2600,250
OOZ5431,Vincent,Nathan,(985) 765-3692,nathanvincent4@example.com,2223.0,D65,INV-ZZ-4268320,ZZ20240515AMDHYD2223.0,Boeing 777,2024-05-15 10:52:00,2024-05-15 19:30:00,AMD,HYD,5300,250
UFZ2491,Mitchell,Elizabeth,(987) 333-7383,elizabethmitchell1@example.com,2223.0,A29,INV-ZZ-4457881,ZZ20240514AMDHYD2223.0,Boeing 777,2024-05-14 10:52:00,2024-05-14 19:30:00,AMD,HYD,2900,250
UET8162,Day,Luis,(303) 510-3787,luisday5@example.com,2223.0,D32,INV-ZZ-4457881,ZZ20240514AMDHYD2223.0,Boeing 777,2024-05-14 10:52:00,2024-05-14 19:30:00,AMD,HYD,2600,250
HHM5642,Dunn,Megan,(525) 833-5665,megandunn1@example.com,2223.0,D36,INV-ZZ-4457881,ZZ20240514AMDHYD2223.0,Boeing 777,2024-05-14 10:52:00,2024-05-14 19:30:00,AMD,HYD,2700,250
QOO7534,Herman,Blake,(281) 336-4015,blakeherman2@example.com,2223.0,A18,INV-ZZ-4457881,ZZ20240514AMDHYD2223.0,Boeing 777,2024-05-14 10:52:00,2024-05-14 19:30:00,AMD,HYD,2600,250
EIV6296,Hughes,Michael,(707) 855-8192,michaelhughes1@example.com,2223.0,C23,INV-ZZ-4457881,ZZ20240514AMDHYD2223.0,Boeing 777,2024-05-14 10:52:00,2024-05-14 19:30:00,AMD,HYD,2900,250
PNC5165,Russell,Ryan,(719) 814-2395,ryanrussell1@example.com,2223.0,B1,INV-ZZ-2774494,ZZ20240505AMDHYD2223.0,Boeing 777,2024-05-05 10:52:00,2024-05-05 19:30:00,AMD,HYD,2300,250
ULP2325,Handa,Kiara,(269) 715-6645,kiarahanda3@example.com,2223.0,D53,INV-ZZ-4457881,ZZ20240514AMDHYD2223.0,Boeing 777,2024-05-14 10:52:00,2024-05-14 19:30:00,AMD,HYD,3000,250
LLV2921,Miller,Brian,(314) 235-6809,brianmiller3@example.com,2223.0,D58,INV-ZZ-4268320,ZZ20240515AMDHYD2223.0,Boeing 777,2024-05-15 10:52:00,2024-05-15 19:30:00,AMD,HYD,4800,250
CRF6565,Gaba,Zara,(540) 619-3977,zaragaba2@example.com,2223.0,A28,INV-ZZ-4268320,ZZ20240515AMDHYD2223.0,Boeing 777,2024-05-15 10:52:00,2024-05-15 19:30:00,AMD,HYD,4600,250
IAO7227,Sagar,Raghav,(360) 876-9041,raghavsagar2@example.com,2223.0,D49,INV-ZZ-4457881,ZZ20240514AMDHYD2223.0,Boeing 777,2024-05-14 10:52:00,2024-05-14 19:30:00,AMD,HYD,2900,250
ENG6420,Chen,David,(495) 338-5456,davidchen1@example.com,2223.0,B12,INV-ZZ-4268320,ZZ20240515AMDHYD2223.0,Boeing 777,2024-05-15 10:52:00,2024-05-15 19:30:00,AMD,HYD,4700,250
IBD6490,Dash,Jayant,(798) 819-5239,jayantdash1@example.com,2223.0,A2,INV-ZZ-4268320,ZZ20240515AMDHYD2223.0,Boeing 777,2024-05-15 10:52:00,2024-05-15 19:30:00,AMD,HYD,2900,250
WHG9770,Bath,Shayak,(598) 868-5272,shayakbath2@example.com,2223.0,B8,INV-ZZ-4457881,ZZ20240514AMDHYD2223.0,Boeing 777,2024-05-14 10:52:00,2024-05-14 19:30:00,AMD,HYD,2900,250
QLC0978,Zhang,Amanda,(512) 742-2911,amandazhang4@example.com,2223.0,D25,INV-ZZ-4268320,ZZ20240515AMDHYD2223.0,Boeing 777,2024-05-15 10:52:00,2024-05-15 19:30:00,AMD,HYD,4500,250
RLU2779,Williams,Lisa,(848) 754-3086,lisawilliams5@example.com,2223.0,D5,INV-ZZ-4268320,ZZ20240515AMDHYD2223.0,Boeing 777,2024-05-15 10:52:00,2024-05-15 19:30:00,AMD,HYD,4100,250
EJJ0710,Trivedi,Hridaan,(260) 461-8868,hridaantrivedi2@example.com,2223.0,A21,INV-ZZ-4457881,ZZ20240514AMDHYD2223.0,Boeing 777,2024-05-14 10:52:00,2024-05-14 19:30:00,AMD,HYD,2800,250
BVT2835,Agate,Lagan,(143) 492-4175,laganagate3@example.com,2223.0,D15,INV-ZZ-4268320,ZZ20240515AMDHYD2223.0,Boeing 777,2024-05-15 10:52:00,2024-05-15 19:30:00,AMD,HYD,4300,250
WVH7401,Nelson,Margaret,(890) 873-8725,margaretnelson4@example.com,2223.0,D51,INV-ZZ-4268320,ZZ20240515AMDHYD2223.0,Boeing 777,2024-05-15 10:52:00,2024-05-15 19:30:00,AMD,HYD,4700,250
QZA9338,Thompson,Elizabeth,(597) 435-2931,elizabeththompson3@example.com,2223.0,B3,INV-ZZ-4268320,ZZ20240515AMDHYD2223.0,Boeing 777,2024-05-15 10:52:00,2024-05-15 19:30:00,AMD,HYD,4500,250
JIB2799,Sundaram,Jhanvi,(284) 125-5652,jhanvisundaram2@example.com,2223.0,B10,INV-ZZ-4268320,ZZ20240515AMDHYD2223.0,Boeing 777,2024-05-15 10:52:00,2024-05-15 19:30:00,AMD,HYD,4700,250
CIE7707,Varma,Vardaniya,(507) 905-5082,vardaniyavarma3@example.com,2223.0,C38,INV-ZZ-4457881,ZZ20240514AMDHYD2223.0,Boeing 777,2024-05-14 10:52:00,2024-05-14 19:30:00,AMD,HYD,3200,250
PXA4107,Kalla,Khushi,(419) 540-6193,khushikalla8@example.com,2223.0,C38,INV-ZZ-4268320,ZZ20240515AMDHYD2223.0,Boeing 777,2024-05-15 10:52:00,2024-05-15 19:30:00,AMD,HYD,4900,250
MAH6776,Horton,Thomas,(756) 568-8437,thomashorton2@example.com,2223.0,D34,INV-ZZ-4268320,ZZ20240515AMDHYD2223.0,Boeing 777,2024-05-15 10:52:00,2024-05-15 19:30:00,AMD,HYD,4600,250
ITY6461,Mullins,Tracy,(488) 895-8587,tracymullins2@example.com,2223.0,C18,INV-ZZ-4268320,ZZ20240515AMDHYD2223.0,Boeing 777,2024-05-15 10:52:00,2024-05-15 19:30:00,AMD,HYD,4500,250
ALI9308,Phillips,Amy,(667) 617-7530,amyphillips4@example.com,2223.0,C46,INV-ZZ-4268320,ZZ20240515AMDHYD2223.0,Boeing 777,2024-05-15 10:52:00,2024-05-15 19:30:00,AMD,HYD,5000,250
WXD5583,Ravel,Ivana,(851) 124-4602,ivanaravel6@example.com,2223.0,C34,INV-ZZ-4268320,ZZ20240515AMDHYD2223.0,Boeing 777,2024-05-15 10:52:00,2024-05-15 19:30:00,AMD,HYD,4800,250
POH9820,Montoya,Robert,(879) 964-5079,robertmontoya3@example.com,2223.0,D27,INV-ZZ-4457881,ZZ20240514AMDHYD2223.0,Boeing 777,2024-05-14 10:52:00,2024-05-14 19:30:00,AMD,HYD,2400,250
OPB2755,Vazquez,Justin,(344) 733-7113,justinvazquez4@example.com,2223.0,B11,INV-ZZ-4268320,ZZ20240515AMDHYD2223.0,Boeing 777,2024-05-15 10:52:00,2024-05-15 19:30:00,AMD,HYD,4700,250
KWE3990,Lowery,Ian,(188) 921-9908,ianlowery1@example.com,2223.0,B14,INV-ZZ-4457881,ZZ20240514AMDHYD2223.0,Boeing 777,2024-05-14 10:52:00,2024-05-14 19:30:00,AMD,HYD,3800,250
TGE9567,Jhaveri,Reyansh,(582) 695-8207,reyanshjhaveri1@example.com,2223.0,D3,INV-ZZ-4268320,ZZ20240515AMDHYD2223.0,Boeing 777,2024-05-15 10:52:00,2024-05-15 19:30:00,AMD,HYD,3800,250
CBS1315,Anderson,Kimberly,(824) 701-9243,kimberlyanderson4@example.com,2223.0,D33,INV-ZZ-4457881,ZZ20240514AMDHYD2223.0,Boeing 777,2024-05-14 10:52:00,2024-05-14 19:30:00,AMD,HYD,2600,250
DLN0891,Harper,Pamela,(677) 861-3988,pamelaharper5@example.com,2223.0,D61,INV-ZZ-4268320,ZZ20240515AMDHYD2223.0,Boeing 777,2024-05-15 10:52:00,2024-05-15 19:30:00,AMD,HYD,5000,250
NSF9760,Palmer,Eric,(990) 946-1444,ericpalmer6@example.com,2223.0,C21,INV-ZZ-4268320,ZZ20240515AMDHYD2223.0,Boeing 777,2024-05-15 10:52:00,2024-05-15 19:30:00,AMD,HYD,4600,250
QOV0374,Meza,Pamela,(526) 249-7962,pamelameza3@example.com,2223.0,D31,INV-ZZ-4268320,ZZ20240515AMDHYD2223.0,Boeing 777,2024-05-15 10:52:00,2024-05-15 19:30:00,AMD,HYD,4500,250
RDA5956,Singleton,Paul,(422) 877-4324,paulsingleton4@example.com,2223.0,C39,INV-ZZ-4268320,ZZ20240515AMDHYD2223.0,Boeing 777,2024-05-15 10:52:00,2024-05-15 19:30:00,AMD,HYD,4900,250
PTX4588,Mitchell,Joseph,(481) 173-9808,josephmitchell6@example.com,2223.0,D39,INV-ZZ-4268320,ZZ20240515AMDHYD2223.0,Boeing 777,2024-05-15 10:52:00,2024-05-15 19:30:00,AMD,HYD,4600,250
VFV5409,Goda,Mannat,(591) 928-7979,mannatgoda2@example.com,2223.0,D11,INV-ZZ-4268320,ZZ20240515AMDHYD2223.0,Boeing 777,2024-05-15 10:52:00,2024-05-15 19:30:00,AMD,HYD,4200,250
VVD8279,Taylor,Susan,(165) 545-2628,susantaylor4@example.com,2223.0,D59,INV-ZZ-4457881,ZZ20240514AMDHYD2223.0,Boeing 777,2024-05-14 10:52:00,2024-05-14 19:30:00,AMD,HYD,3100,250
FPS6829,Jones,Kenneth,(340) 110-7527,kennethjones2@example.com,2223.0,D30,INV-ZZ-4457881,ZZ20240514AMDHYD2223.0,Boeing 777,2024-05-14 10:52:00,2024-05-14 19:30:00,AMD,HYD,2500,250
XFS8870,Dani,Siya,(124) 860-6252,siyadani5@example.com,2223.0,D45,INV-ZZ-4268320,ZZ20240515AMDHYD2223.0,Boeing 777,2024-05-15 10:52:00,2024-05-15 19:30:00,AMD,HYD,4600,250
LEE2897,Turner,Matthew,(570) 388-3739,matthewturner8@example.com,2223.0,C33,INV-ZZ-4457881,ZZ20240514AMDHYD2223.0,Boeing 777,2024-05-14 10:52:00,2024-05-14 19:30:00,AMD,HYD,3100,250
NKY9161,Woods,Aaron,(458) 375-9296,aaronwoods3@example.com,2223.0,D8,INV-ZZ-4268320,ZZ20240515AMDHYD2223.0,Boeing 777,2024-05-15 10:52:00,2024-05-15 19:30:00,AMD,HYD,4100,250
OYN7414,Brooks,Misty,(128) 293-2510,mistybrooks1@example.com,2223.0,A22,INV-ZZ-4268320,ZZ20240515AMDHYD2223.0,Boeing 777,2024-05-15 10:52:00,2024-05-15 19:30:00,AMD,HYD,4400,250
RGH7613,Kuruvilla,Tarini,(715) 371-4415,tarinikuruvilla8@example.com,2223.0,D30,INV-ZZ-4268320,ZZ20240515AMDHYD2223.0,Boeing 777,2024-05-15 10:52:00,2024-05-15 19:30:00,AMD,HYD,4500,250
WZZ6799,Thompson,Anthony,(232) 778-2930,anthonythompson3@example.com,2223.0,A14,INV-ZZ-4268320,ZZ20240515AMDHYD2223.0,Boeing 777,2024-05-15 10:52:00,2024-05-15 19:30:00,AMD,HYD,4300,250
XGX9066,Sehgal,Anahita,(218) 862-5928,anahitasehgal1@example.com,2223.0,C26,INV-ZZ-4268320,ZZ20240515AMDHYD2223.0,Boeing 777,2024-05-15 10:52:00,2024-05-15 19:30:00,AMD,HYD,4700,250
KGD2181,Dubey,Vanya,(966) 572-5432,vanyadubey7@example.com,2223.0,D54,INV-ZZ-4457881,ZZ20240514AMDHYD2223.0,Boeing 777,2024-05-14 10:52:00,2024-05-14 19:30:00,AMD,HYD,3000,250
DPY7818,Carter,Donna,(534) 637-2930,donnacarter2@example.com,2223.0,C22,INV-ZZ-4457881,ZZ20240514AMDHYD2223.0,Boeing 777,2024-05-14 10:52:00,2024-05-14 19:30:00,AMD,HYD,2500,250
IDA4791,Fields,Brenda,(108) 478-8904,brendafields4@example.com,2223.0,C34,INV-ZZ-4457881,ZZ20240514AMDHYD2223.0,Boeing 777,2024-05-14 10:52:00,2024-05-14 19:30:00,AMD,HYD,3100,250
MGS2365,Burke,Michelle,(171) 935-8821,michelleburke2@example.com,2223.0,A25,INV-ZZ-4457881,ZZ20240514AMDHYD2223.0,Boeing 777,2024-05-14 10:52:00,2024-05-14 19:30:00,AMD,HYD,2800,250
TTA1431,Pratt,Michael,(927) 684-8752,michaelpratt3@example.com,2223.0,B11,INV-ZZ-4457881,ZZ20240514AMDHYD2223.0,Boeing 777,2024-05-14 10:52:00,2024-05-14 19:30:00,AMD,HYD,3200,250
NOO7909,Martin,Emily,(555) 492-9271,emilymartin2@example.com,2223.0,D45,INV-ZZ-4457881,ZZ20240514AMDHYD2223.0,Boeing 777,2024-05-14 10:52:00,2024-05-14 19:30:00,AMD,HYD,2800,250
TBD4815,Navarro,Leslie,(443) 814-3087,leslienavarro1@example.com,2223.0,C35,INV-ZZ-4268320,ZZ20240515AMDHYD2223.0,Boeing 777,2024-05-15 10:52:00,2024-05-15 19:30:00,AMD,HYD,4800,250
EEL0159,Yogi,Riya,(489) 974-1522,riyayogi2@example.com,2223.0,D16,INV-ZZ-4268320,ZZ20240515AMDHYD2223.0,Boeing 777,2024-05-15 10:52:00,2024-05-15 19:30:00,AMD,HYD,4300,250
BEN9293,Jain,Aradhya,(480) 984-8978,aradhyajain3@example.com,2223.0,C17,INV-ZZ-4268320,ZZ20240515AMDHYD2223.0,Boeing 777,2024-05-15 10:52:00,2024-05-15 19:30:00,AMD,HYD,4500,250
OHO8848,Schroeder,Amanda,(288) 645-1100,amandaschroeder1@example.com,2223.0,D27,INV-ZZ-4268320,ZZ20240515AMDHYD2223.0,Boeing 777,2024-05-15 10:52:00,2024-05-15 19:30:00,AMD,HYD,4500,250
PPS4110,Taneja,Zaina,(165) 765-9550,zainataneja2@example.com,2223.0,A31,INV-ZZ-4268320,ZZ20240515AMDHYD2223.0,Boeing 777,2024-05-15 10:52:00,2024-05-15 19:30:00,AMD,HYD,4700,250
NGS8841,Kaufman,Madison,(646) 413-5590,madisonkaufman3@example.com,2223.0,C22,INV-ZZ-4268320,ZZ20240515AMDHYD2223.0,Boeing 777,2024-05-15 10:52:00,2024-05-15 19:30:00,AMD,HYD,4600,250
UZB4925,Vyas,Vidur,(109) 817-9093,vidurvyas5@example.com,2223.0,C15,INV-ZZ-4268320,ZZ20240515AMDHYD2223.0,Boeing 777,2024-05-15 10:52:00,2024-05-15 19:30:00,AMD,HYD,4400,250
SMI3857,Bartlett,Calvin,(963) 256-3946,calvinbartlett4@example.com,2223.0,D62,INV-ZZ-4457881,ZZ20240514AMDHYD2223.0,Boeing 777,2024-05-14 10:52:00,2024-05-14 19:30:00,AMD,HYD,3200,250
SPA1409,Yogi,Raunak,(768) 590-1009,raunakyogi3@example.com,2223.0,C35,INV-ZZ-4457881,ZZ20240514AMDHYD2223.0,Boeing 777,2024-05-14 10:52:00,2024-05-14 19:30:00,AMD,HYD,3100,250
YIG9910,Moore,Misty,(824) 124-3458,mistymoore9@example.com,2223.0,C31,INV-ZZ-4457881,ZZ20240514AMDHYD2223.0,Boeing 777,2024-05-14 10:52:00,2024-05-14 19:30:00,AMD,HYD,3100,250
ZJV0198,Clark,Crystal,(972) 595-7307,crystalclark1@example.com,2223.0,B13,INV-ZZ-4457881,ZZ20240514AMDHYD2223.0,Boeing 777,2024-05-14 10:52:00,2024-05-14 19:30:00,AMD,HYD,3700,250
YXZ1286,Basu,Zoya,(691) 655-9207,zoyabasu7@example.com,2223.0,D60,INV-ZZ-4268320,ZZ20240515AMDHYD2223.0,Boeing 777,2024-05-15 10:52:00,2024-05-15 19:30:00,AMD,HYD,5000,250
HVY0521,Bassi,Rasha,(443) 592-3875,rashabassi6@example.com,2223.0,D42,INV-ZZ-4457881,ZZ20240514AMDHYD2223.0,Boeing 777,2024-05-14 10:52:00,2024-05-14 19:30:00,AMD,HYD,2800,250
FUU6017,Chaudry,Rania,(111) 515-4353,raniachaudry3@example.com,2223.0,C7,INV-ZZ-4268320,ZZ20240515AMDHYD2223.0,Boeing 777,2024-05-15 10:52:00,2024-05-15 19:30:00,AMD,HYD,4100,250
YJM4955,Greene,Sean,(375) 205-4346,seangreene2@example.com,2223.0,D60,INV-ZZ-4457881,ZZ20240514AMDHYD2223.0,Boeing 777,2024-05-14 10:52:00,2024-05-14 19:30:00,AMD,HYD,3200,250
GZR4641,Gopal,Zaina,(477) 596-1469,zainagopal5@example.com,2223.0,D40,INV-ZZ-4268320,ZZ20240515AMDHYD2223.0,Boeing 777,2024-05-15 10:52:00,2024-05-15 19:30:00,AMD,HYD,4600,250
ZAE4626,Walker,Jennifer,(878) 730-4839,jenniferwalker1@example.com,2223.0,B7,INV-ZZ-4457881,ZZ20240514AMDHYD2223.0,Boeing 777,2024-05-14 10:52:00,2024-05-14 19:30:00,AMD,HYD,2900,250
IGJ7618,Ram,Vanya,(873) 215-7947,vanyaram4@example.com,2223.0,A23,INV-ZZ-4268320,ZZ20240515AMDHYD2223.0,Boeing 777,2024-05-15 10:52:00,2024-05-15 19:30:00,AMD,HYD,4400,250
TXX7705,Mcfarland,Alexander,(678) 227-6026,alexandermcfarland3@example.com,2223.0,A1,INV-ZZ-4268320,ZZ20240515AMDHYD2223.0,Boeing 777,2024-05-15 10:52:00,2024-05-15 19:30:00,AMD,HYD,2900,250
YDX7612,Dalal,Vivaan,(554) 484-1563,vivaandalal3@example.com,2223.0,D18,INV-ZZ-4268320,ZZ20240515AMDHYD2223.0,Boeing 777,2024-05-15 10:52:00,2024-05-15 19:30:00,AMD,HYD,4400,250
WSY1648,Sarna,Pihu,(115) 890-4099,pihusarna2@example.com,2223.0,D63,INV-ZZ-4457881,ZZ20240514AMDHYD2223.0,Boeing 777,2024-05-14 10:52:00,2024-05-14 19:30:00,AMD,HYD,3200,250
UER6392,Morris,Samuel,(953) 637-4667,samuelmorris2@example.com,2223.0,D47,INV-ZZ-4457881,ZZ20240514AMDHYD2223.0,Boeing 777,2024-05-14 10:52:00,2024-05-14 19:30:00,AMD,HYD,2800,250
REL9424,Ramaswamy,Anahita,(917) 853-8230,anahitaramaswamy3@example.com,2223.0,A32,INV-ZZ-4268320,ZZ20240515AMDHYD2223.0,Boeing 777,2024-05-15 10:52:00,2024-05-15 19:30:00,AMD,HYD,4700,250
CRN5511,Varghese,Dishani,(495) 792-4598,dishanivarghese2@example.com,2223.0,C40,INV-ZZ-4268320,ZZ20240515AMDHYD2223.0,Boeing 777,2024-05-15 10:52:00,2024-05-15 19:30:00,AMD,HYD,4900,250
MKJ9979,Zachariah,Farhan,(331) 583-7448,farhanzachariah3@example.com,2223.0,A24,INV-ZZ-4268320,ZZ20240515AMDHYD2223.0,Boeing 777,2024-05-15 10:52:00,2024-05-15 19:30:00,AMD,HYD,4500,250
GRS5211,Campbell,Ashley,(621) 662-3210,ashleycampbell1@example.com,2223.0,A11,INV-ZZ-4268320,ZZ20240515AMDHYD2223.0,Boeing 777,2024-05-15 10:52:00,2024-05-15 19:30:00,AMD,HYD,4100,250
QXG0358,Hammond,Judy,(665) 687-3484,judyhammond3@example.com,2223.0,D40,INV-ZZ-4457881,ZZ20240514AMDHYD2223.0,Boeing 777,2024-05-14 10:52:00,2024-05-14 19:30:00,AMD,HYD,2700,250
SSA0447,Khosla,Ivan,(382) 322-8097,ivankhosla1@example.com,2223.0,B13,INV-ZZ-4268320,ZZ20240515AMDHYD2223.0,Boeing 777,2024-05-15 10:52:00,2024-05-15 19:30:00,AMD,HYD,4800,250
LFF4519,Johnson,Sheryl,(550) 390-2668,sheryljohnson1@example.com,2223.0,B1,INV-ZZ-4268320,ZZ20240515AMDHYD2223.0,Boeing 777,2024-05-15 10:52:00,2024-05-15 19:30:00,AMD,HYD,3900,250
ACE5465,Warren,Keith,(853) 969-8841,keithwarren1@example.com,2223.0,D25,INV-ZZ-4457881,ZZ20240514AMDHYD2223.0,Boeing 777,2024-05-14 10:52:00,2024-05-14 19:30:00,AMD,HYD,2400,250
IZG5991,Hall,Paul,(394) 193-5006,paulhall5@example.com,2223.0,D50,INV-ZZ-4268320,ZZ20240515AMDHYD2223.0,Boeing 777,2024-05-15 10:52:00,2024-05-15 19:30:00,AMD,HYD,4700,250
LLA6542,Good,Tiffany,(879) 318-2361,tiffanygood3@example.com,2223.0,D1,INV-ZZ-4268320,ZZ20240515AMDHYD2223.0,Boeing 777,2024-05-15 10:52:00,2024-05-15 19:30:00,AMD,HYD,3300,250
WSU4023,Coffey,Dylan,(845) 874-5477,dylancoffey1@example.com,2223.0,D62,INV-ZZ-4268320,ZZ20240515AMDHYD2223.0,Boeing 777,2024-05-15 10:52:00,2024-05-15 19:30:00,AMD,HYD,5000,250
DIC9026,Miranda,Larry,(706) 600-2045,larrymiranda5@example.com,2223.0,D23,INV-ZZ-4268320,ZZ20240515AMDHYD2223.0,Boeing 777,2024-05-15 10:52:00,2024-05-15 19:30:00,AMD,HYD,4500,250
QSF9056,Adams,Steven,(137) 996-1238,stevenadams4@example.com,2223.0,C28,INV-ZZ-4268320,ZZ20240515AMDHYD2223.0,Boeing 777,2024-05-15 10:52:00,2024-05-15 19:30:00,AMD,HYD,4700,250
XCL5201,Davis,Jacqueline,(339) 608-3649,jacquelinedavis1@example.com,2223.0,D6,INV-ZZ-4268320,ZZ20240515AMDHYD2223.0,Boeing 777,2024-05-15 10:52:00,2024-05-15 19:30:00,AMD,HYD,4100,250
WIS5039,Ramakrishnan,Romil,(178) 682-2620,romilramakrishnan3@example.com,2223.0,B12,INV-ZZ-4457881,ZZ20240514AMDHYD2223.0,Boeing 777,2024-05-14 10:52:00,2024-05-14 19:30:00,AMD,HYD,3300,250
IWR0419,Acharya,Vaibhav,(510) 151-8941,vaibhavacharya3@example.com,2223.0,A17,INV-ZZ-4457881,ZZ20240514AMDHYD2223.0,Boeing 777,2024-05-14 10:52:00,2024-05-14 19:30:00,AMD,HYD,2600,250
QLQ2315,Trivedi,Samiha,(261) 341-1399,samihatrivedi5@example.com,2223.0,D44,INV-ZZ-4268320,ZZ20240515AMDHYD2223.0,Boeing 777,2024-05-15 10:52:00,2024-05-15 19:30:00,AMD,HYD,4600,250
WAY4178,Martin,Joe,(354) 573-6465,joemartin4@example.com,2223.0,A12,INV-ZZ-4268320,ZZ20240515AMDHYD2223.0,Boeing 777,2024-05-15 10:52:00,2024-05-15 19:30:00,AMD,HYD,4200,250
IZY0398,Banerjee,Hazel,(905) 251-1110,hazelbanerjee4@example.com,2223.0,A7,INV-ZZ-4268320,ZZ20240515AMDHYD2223.0,Boeing 777,2024-05-15 10:52:00,2024-05-15 19:30:00,AMD,HYD,4200,250
CVD7279,Williams,Carl,(777) 534-7522,carlwilliams4@example.com,2223.0,D33,INV-ZZ-4268320,ZZ20240515AMDHYD2223.0,Boeing 777,2024-05-15 10:52:00,2024-05-15 19:30:00,AMD,HYD,4500,250
NAF5106,Krish,Ishaan,(799) 858-4530,ishaankrish2@example.com,2223.0,A27,INV-ZZ-4268320,ZZ20240515AMDHYD2223.0,Boeing 777,2024-05-15 10:52:00,2024-05-15 19:30:00,AMD,HYD,4600,250
DHQ5485,Vig,Lakshay,(400) 522-1309,lakshayvig2@example.com,2223.0,D38,INV-ZZ-4457881,ZZ20240514AMDHYD2223.0,Boeing 777,2024-05-14 10:52:00,2024-05-14 19:30:00,AMD,HYD,2700,250
RLF1850,Morgan,Craig,(131) 938-1539,craigmorgan2@example.com,2223.0,A21,INV-ZZ-4268320,ZZ20240515AMDHYD2223.0,Boeing 777,2024-05-15 10:52:00,2024-05-15 19:30:00,AMD,HYD,4400,250
EEO7451,Aurora,Yakshit,(941) 171-7807,yakshitaurora1@example.com,2223.0,A18,INV-ZZ-4268320,ZZ20240515AMDHYD2223.0,Boeing 777,2024-05-15 10:52:00,2024-05-15 19:30:00,AMD,HYD,4300,250
OUP0499,Lawrence,Laura,(588) 311-7960,lauralawrence6@example.com,2223.0,C48,INV-ZZ-4268320,ZZ20240515AMDHYD2223.0,Boeing 777,2024-05-15 10:52:00,2024-05-15 19:30:00,AMD,HYD,5100,250
SYC0291,Cunningham,Ashley,(352) 646-1300,ashleycunningham1@example.com,2223.0,A16,INV-ZZ-4268320,ZZ20240515AMDHYD2223.0,Boeing 777,2024-05-15 10:52:00,2024-05-15 19:30:00,AMD,HYD,4300,250
WRA0593,Dyal,Jayesh,(724) 249-9427,jayeshdyal4@example.com,2223.0,D56,INV-ZZ-4457881,ZZ20240514AMDHYD2223.0,Boeing 777,2024-05-14 10:52:00,2024-05-14 19:30:00,AMD,HYD,3000,250
QZU3772,Park,Michael,(833) 484-2209,michaelpark3@example.com,2223.0,C47,INV-ZZ-4268320,ZZ20240515AMDHYD2223.0,Boeing 777,2024-05-15 10:52:00,2024-05-15 19:30:00,AMD,HYD,5000,250
CEN5813,Burns,Tony,(271) 938-1074,tonyburns3@example.com,2223.0,C24,INV-ZZ-4268320,ZZ20240515AMDHYD2223.0,Boeing 777,2024-05-15 10:52:00,2024-05-15 19:30:00,AMD,HYD,4600,250
VSP3292,Buchanan,Marcus,(703) 661-7507,marcusbuchanan6@example.com,2223.0,D59,INV-ZZ-4268320,ZZ20240515AMDHYD2223.0,Boeing 777,2024-05-15 10:52:00,2024-05-15 19:30:00,AMD,HYD,4900,250
SHY5648,Lewis,Heidi,(229) 701-3028,heidilewis2@example.com,2223.0,B16,INV-ZZ-4268320,ZZ20240515AMDHYD2223.0,Boeing 777,2024-05-15 10:52:00,2024-05-15 19:30:00,AMD,HYD,4900,250
TOB2787,Gomez,Melissa,(826) 178-1659,melissagomez2@example.com,2223.0,D10,INV-ZZ-4268320,ZZ20240515AMDHYD2223.0,Boeing 777,2024-05-15 10:52:00,2024-05-15 19:30:00,AMD,HYD,4200,250
YAT5678,Smith,Jason,(593) 259-9448,jasonsmith1@example.com,2223.0,B9,INV-ZZ-4457881,ZZ20240514AMDHYD2223.0,Boeing 777,2024-05-14 10:52:00,2024-05-14 19:30:00,AMD,HYD,3100,250
ILN7353,Johnston,Tracey,(719) 529-4784,traceyjohnston4@example.com,2223.0,B15,INV-ZZ-4268320,ZZ20240515AMDHYD2223.0,Boeing 777,2024-05-15 10:52:00,2024-05-15 19:30:00,AMD,HYD,4900,250
NQX2486,Moore,James,(756) 288-6391,jamesmoore1@example.com,2223.0,D50,INV-ZZ-4457881,ZZ20240514AMDHYD2223.0,Boeing 777,2024-05-14 10:52:00,2024-05-14 19:30:00,AMD,HYD,2900,250
PUV1188,Bhatt,Lakshit,(906) 446-5295,lakshitbhatt2@example.com,2223.0,C41,INV-ZZ-4457881,ZZ20240514AMDHYD2223.0,Boeing 777,2024-05-14 10:52:00,2024-05-14 19:30:00,AMD,HYD,3300,250
QMT9577,Walker,Chelsea,(702) 227-4974,chelseawalker1@example.com,2223.0,D39,INV-ZZ-4457881,ZZ20240514AMDHYD2223.0,Boeing 777,2024-05-14 10:52:00,2024-05-14 19:30:00,AMD,HYD,2700,250
JYZ0862,Dash,Lakshay,(112) 895-2115,lakshaydash1@example.com,2223.0,D26,INV-ZZ-4457881,ZZ20240514AMDHYD2223.0,Boeing 777,2024-05-14 10:52:00,2024-05-14 19:30:00,AMD,HYD,2400,250
FWB6949,Russell,Richard,(921) 288-8877,richardrussell2@example.com,2223.0,B14,INV-ZZ-4268320,ZZ20240515AMDHYD2223.0,Boeing 777,2024-05-15 10:52:00,2024-05-15 19:30:00,AMD,HYD,4900,250
AQR8720,Maddox,Kelly,(362) 842-2398,kellymaddox1@example.com,2223.0,C9,INV-ZZ-4268320,ZZ20240515AMDHYD2223.0,Boeing 777,2024-05-15 10:52:00,2024-05-15 19:30:00,AMD,HYD,4300,250
CTH5101,Thomas,Michael,(422) 371-5263,michaelthomas1@example.com,2223.0,C4,INV-ZZ-4268320,ZZ20240515AMDHYD2223.0,Boeing 777,2024-05-15 10:52:00,2024-05-15 19:30:00,AMD,HYD,3600,250
UFO3688,Jimenez,John,(337) 725-2654,johnjimenez5@example.com,2223.0,C40,INV-ZZ-4457881,ZZ20240514AMDHYD2223.0,Boeing 777,2024-05-14 10:52:00,2024-05-14 19:30:00,AMD,HYD,3300,250
IRV5237,Yoder,Deborah,(405) 370-8020,deborahyoder1@example.com,2223.0,A16,INV-ZZ-4457881,ZZ20240514AMDHYD2223.0,Boeing 777,2024-05-14 10:52:00,2024-05-14 19:30:00,AMD,HYD,2600,250
VGE4204,Harris,Sandra,(593) 267-3833,sandraharris7@example.com,2223.0,C51,INV-ZZ-4268320,ZZ20240515AMDHYD2223.0,Boeing 777,2024-05-15 10:52:00,2024-05-15 19:30:00,AMD,HYD,5100,250
FGW1080,Barad,Hiran,(937) 398-7122,hiranbarad3@example.com,2223.0,A22,INV-ZZ-4457881,ZZ20240514AMDHYD2223.0,Boeing 777,2024-05-14 10:52:00,2024-05-14 19:30:00,AMD,HYD,2800,250
ZOK2661,Batta,Himmat,(741) 532-8457,himmatbatta6@example.com,2223.0,D34,INV-ZZ-4457881,ZZ20240514AMDHYD2223.0,Boeing 777,2024-05-14 10:52:00,2024-05-14 19:30:00,AMD,HYD,2700,250
LPO6034,Baker,William,(868) 494-9976,williambaker1@example.com,2223.0,A10,INV-ZZ-4268320,ZZ20240515AMDHYD2223.0,Boeing 777,2024-05-15 10:52:00,2024-05-15 19:30:00,AMD,HYD,4100,250
MIH2757,Bala,Veer,(579) 883-3993,veerbala8@example.com,2223.0,C41,INV-ZZ-4268320,ZZ20240515AMDHYD2223.0,Boeing 777,2024-05-15 10:52:00,2024-05-15 19:30:00,AMD,HYD,4900,250
OOI6656,Burch,Austin,(740) 349-9859,austinburch2@example.com,2223.0,C29,INV-ZZ-4268320,ZZ20240515AMDHYD2223.0,Boeing 777,2024-05-15 10:52:00,2024-05-15 19:30:00,AMD,HYD,4700,250
LCX6791,Gregory,Thomas,(498) 977-8777,thomasgregory3@example.com,2223.0,A15,INV-ZZ-4268320,ZZ20240515AMDHYD2223.0,Boeing 777,2024-05-15 10:52:00,2024-05-15 19:30:00,AMD,HYD,4300,250
PXG0449,Ramachandran,Riaan,(113) 452-8690,riaanramachandran2@example.com,2223.0,C36,INV-ZZ-4457881,ZZ20240514AMDHYD2223.0,Boeing 777,2024-05-14 10:52:00,2024-05-14 19:30:00,AMD,HYD,3400,250
JOL8490,Morrison,Emma,(828) 187-4320,emmamorrison1@example.com,2223.0,D21,INV-ZZ-4268320,ZZ20240515AMDHYD2223.0,Boeing 777,2024-05-15 10:52:00,2024-05-15 19:30:00,AMD,HYD,4400,250
UWT0750,Woods,Jamie,(366) 260-1302,jamiewoods3@example.com,2223.0,C16,INV-ZZ-4268320,ZZ20240515AMDHYD2223.0,Boeing 777,2024-05-15 10:52:00,2024-05-15 19:30:00,AMD,HYD,4700,250
DXN1159,Harvey,Julie,(265) 785-2699,julieharvey1@example.com,2223.0,C14,INV-ZZ-4268320,ZZ20240515AMDHYD2223.0,Boeing 777,2024-05-15 10:52:00,2024-05-15 19:30:00,AMD,HYD,4400,250
FMM9880,Wadhwa,Faiyaz,(933) 297-9519,faiyazwadhwa4@example.com,2223.0,A5,INV-ZZ-4268320,ZZ20240515AMDHYD2223.0,Boeing 777,2024-05-15 10:52:00,2024-05-15 19:30:00,AMD,HYD,3100,250
HLG1021,Sinha,Aradhya,(324) 641-4649,aradhyasinha2@example.com,2223.0,D20,INV-ZZ-4268320,ZZ20240515AMDHYD2223.0,Boeing 777,2024-05-15 10:52:00,2024-05-15 19:30:00,AMD,HYD,4400,250
BQN3528,Braun,Andrew,(722) 239-1767,andrewbraun6@example.com,2223.0,D63,INV-ZZ-4268320,ZZ20240515AMDHYD2223.0,Boeing 777,2024-05-15 10:52:00,2024-05-15 19:30:00,AMD,HYD,5000,250
LAT7154,Shankar,Ishaan,(558) 221-9890,ishaanshankar2@example.com,2223.0,D37,INV-ZZ-4457881,ZZ20240514AMDHYD2223.0,Boeing 777,2024-05-14 10:52:00,2024-05-14 19:30:00,AMD,HYD,2700,250
MSY4536,Reyes,Tyler,(807) 593-2220,tylerreyes3@example.com,2223.0,B7,INV-ZZ-4268320,ZZ20240515AMDHYD2223.0,Boeing 777,2024-05-15 10:52:00,2024-05-15 19:30:00,AMD,HYD,4500,250
YLF7495,Nicholson,Charles,(197) 705-4810,charlesnicholson2@example.com,2223.0,D38,INV-ZZ-4268320,ZZ20240515AMDHYD2223.0,Boeing 777,2024-05-15 10:52:00,2024-05-15 19:30:00,AMD,HYD,4600,250
PDN0719,Nelson,James,(650) 162-8162,jamesnelson7@example.com,2223.0,C25,INV-ZZ-4268320,ZZ20240515AMDHYD2223.0,Boeing 777,2024-05-15 10:52:00,2024-05-15 19:30:00,AMD,HYD,4600,250
VZQ3455,Vasquez,Katherine,(374) 568-2795,katherinevasquez7@example.com,2223.0,C42,INV-ZZ-4268320,ZZ20240515AMDHYD2223.0,Boeing 777,2024-05-15 10:52:00,2024-05-15 19:30:00,AMD,HYD,4900,250
